Date,ETH_Close,ETH_Volume,Log return ETH,Number of sales in all segments,Active market wallets in all segments,Average USD,Sales USD
2021-11-30,4631.479004,28626354111,0.01783767744,149787,74463,625.42,93680472.11
2021-12-01,4586.990234,27634826695,-0.004191884102,151946,76641,705.98,107270503.1
2021-12-02,4511.302246,21502671027,-0.007225890772,125957,68655,624.99,78722322.85
2021-12-03,4220.706055,25879591528,-0.02891681733,119018,65974,736.74,87685108.44
2021-12-04,4119.587402,38478999182,-0.01053138602,137151,67379,494.87,67871562
2021-12-05,4198.322754,25533062707,0.008222101368,121974,61757,584.38,71278800.45
2021-12-06,4358.737305,28229518513,0.01628487275,119964,57902,586.12,70313644.28
2021-12-07,4315.061523,22366213354,-0.004373703335,114043,58790,586.72,66911390.67
2021-12-08,4439.35791,18704315119,0.01233316798,163126,72711,414.28,67580441.27
2021-12-09,4119.815918,22296131874,-0.03244234886,99794,63618,999.44,99738029.82
2021-12-10,3908.496094,28014595631,-0.022868129,93212,59705,822.24,76642404.78
2021-12-11,4084.452393,19131502454,0.01912415616,102463,67582,871.95,89342853.27
2021-12-12,4134.453125,14057603914,0.005284233978,98436,63639,719.8,70854306.24
2021-12-13,3784.226807,23999841386,-0.03844091454,90883,64109,1355.47,123189454.4
2021-12-14,3745.44043,23836759957,-0.004474263726,94736,67803,1178.88,111682425
2021-12-15,4018.388672,26411188833,0.03054904671,93230,65241,842.47,78543654.9
2021-12-16,3962.469727,19825531254,-0.006085983601,98896,68458,908.88,89884240.45
2021-12-17,3879.486572,23143541098,-0.009191704267,82847,58601,910.21,75407854.76
2021-12-18,3960.860107,19530895889,0.009015250905,77906,57357,704.65,54896530.52
2021-12-19,3922.592529,16167785597,-0.004216307058,92541,57048,579.2,53599969.7
2021-12-20,3933.844482,21589690675,0.001243989975,86011,57784,606.98,52206964.05
2021-12-21,4020.26001,16388555198,0.009436955142,75131,56061,722.68,54295350.07
2021-12-22,3982.099609,13921756199,-0.004142022602,76968,55791,730.55,56229016.49
2021-12-23,4108.015625,18007273742,0.01351996743,75075,59316,860.58,64607683.5
2021-12-24,4047.98291,12769090623,-0.006393416478,67782,52479,1102.55,74733028.66
2021-12-25,4093.281006,10894785525,0.004832889918,55859,45464,906.38,50629625.87
2021-12-26,4067.328125,11197244172,-0.002762350414,75355,56419,1102.78,83099801.19
2021-12-27,4037.547607,11424360002,-0.003191553645,69290,56448,1483.51,102792469.2
2021-12-28,3800.893066,17299472803,-0.02623200479,79946,62493,1083.25,86601652.59
2021-12-29,3628.531738,15722555672,-0.02015472526,67304,54599,1152.11,77541785.83
2021-12-30,3713.852051,12925377999,0.01009367261,75117,57215,1032.82,77582663.28
2021-12-31,3682.632813,14157285268,-0.003666180235,66233,52959,1454.58,96340928.75
2022-01-01,3769.697021,9776191466,0.0101480279,75000,57459,1787.24,134042993.7
2022-01-02,3829.564941,9881471548,0.006842992214,71873,61631,2184.02,156972315.6
2022-01-03,3761.380371,12080777893,-0.007802184766,76277,60751,1966.94,150032220.2
2022-01-04,3794.056641,14030925983,0.003756556294,89855,66237,1646.43,147940266.9
2022-01-05,3550.386963,18061338502,-0.02882811997,96384,66404,1242.16,119724252.2
2022-01-06,3418.408203,24293791313,-0.0164517682,78045,60348,1393.12,108726157.5
2022-01-07,3193.210449,24494179209,-0.02959638024,83588,60920,1189.1,99394841.63
2022-01-08,3091.972656,16037732700,-0.01399189716,77697,58360,1364.77,106038581.1
2022-01-09,3157.751465,12334683863,0.009142300736,91576,64550,1430.45,130994625.2
2022-01-10,3083.0979,19535744145,-0.01039062986,70565,51678,1311.25,92528542.26
2022-01-11,3238.111572,15211447193,0.02130449324,85757,56969,1032.56,88549415.65
2022-01-12,3372.258301,16662871689,0.01762902371,86778,61233,1688.57,146530476
2022-01-13,3248.288574,15294466275,-0.01626622791,103094,66903,1161.26,119718751
2022-01-14,3310.001465,13562957230,0.008173581518,88853,63571,1320.54,117334122.1
2022-01-15,3330.530762,9619999078,0.00268526332,109334,70432,1192.41,130370737
2022-01-16,3350.921875,9505934874,0.002650853289,144841,88138,986.06,142822558.4
2022-01-17,3212.304932,12344309617,-0.0183475381,90130,75036,1013.35,91333092.36
2022-01-18,3164.025146,13024154091,-0.006576838119,75634,65533,1113.49,84217458.7
2022-01-19,3095.825928,13187424144,-0.009463393181,109297,74395,1006.24,109979457.1
2022-01-20,3001.120117,10645922764,-0.0134931552,140469,100839,1222.91,171781575.5
2022-01-21,2557.931641,26796291874,-0.06939444393,92105,71418,1372.16,126383059.8
2022-01-22,2405.181152,27369692036,-0.0267411422,68765,56980,1123.85,77281547.05
2022-01-23,2535.039063,16481489511,0.02283686399,75980,56578,1050.65,79828594.66
2022-01-24,2440.352295,28220804648,-0.01653212923,78029,54924,881.53,68784827.64
2022-01-25,2455.935059,16179776932,0.002764352162,97271,67970,1750.65,170287467.7
2022-01-26,2468.030273,21229909340,0.002133603675,94001,66177,1949.93,183295645.2
2022-01-27,2423.001221,16126522783,-0.007996849487,84770,63413,2202.07,186669645.7
2022-01-28,2547.092041,14666227351,0.0216910058,79232,63162,1581.77,125326481
2022-01-29,2597.084717,11172062661,0.008441477772,98506,62816,1452.37,143066832.5
2022-01-30,2603.466553,9501221177,0.00106588606,83670,61580,1978.92,165576453.2
2022-01-31,2688.278809,13778234614,0.013922306,87150,68701,2193.08,191126573.9
2022-02-01,2792.117188,13194846235,0.01645933349,99073,71422,1995.36,197686511.8
2022-02-02,2682.854004,13876301217,-0.01733660231,79720,63254,1442.55,114999912.6
2022-02-03,2679.162598,12755505065,-0.000597968126,86781,63449,1392.19,120816036.5
2022-02-04,2983.586914,18987223729,0.04673962199,86483,67322,1358.48,117485774.9
2022-02-05,3014.648193,13102093957,0.004497943949,68559,53195,1340.28,91888393.84
2022-02-06,3057.476074,9466018022,0.006126429571,73849,53695,1051.42,77645955.03
2022-02-07,3142.470703,15197063785,0.01190817029,102635,79247,1934.46,198543059.8
2022-02-08,3122.608643,17136080906,-0.002753680035,103720,83466,858.67,89061701.78
2022-02-09,3239.457031,13951308490,0.01595466628,95837,78206,1485.57,142372782.8
2022-02-10,3077.482178,18629485080,-0.02227667716,101251,81555,965.1,97716960.5
2022-02-11,2927.383545,16043881065,-0.02171591926,89897,74512,1117.4,100450990.2
2022-02-12,2917.362793,11254355757,-0.001489187489,89541,70753,2543.31,227730246.8
2022-02-13,2883.463379,9054963563,-0.005075999729,81509,63481,2302.04,187636995.5
2022-02-14,2933.479004,12164552172,0.007468544067,66879,55271,1046.93,70017347.7
2022-02-15,3179.877197,13921257873,0.03502736423,64453,56311,1209.17,77934904.52
2022-02-16,3127.830078,12352406833,-0.007167196767,59670,52413,1222.29,72933806.86
2022-02-17,2881.481934,15860206214,-0.03562725058,64797,52564,920.53,59647716.22
2022-02-18,2785.727539,15748173433,-0.0146772635,63717,55849,1063.87,67786794.63
2022-02-19,2763.701172,9774183169,-0.00344755483,70577,56130,754.88,53276971.21
2022-02-20,2628.648438,11641437834,-0.02175857635,68676,51941,897.76,61654321.87
2022-02-21,2573.816162,18646392740,-0.009154982707,62841,53447,1066.18,66999655.81
2022-02-22,2639.299316,16360200507,0.01091112155,72006,54856,882.49,63544743.72
2022-02-23,2590.359619,13382637240,-0.008128583944,76913,60300,1036.04,79685095.56
2022-02-24,2598.067139,29312342666,0.001290308613,54715,48159,1385.46,75805358.09
2022-02-25,2764.535645,17208902048,0.02697182408,61083,50491,1211.01,73972036.48
2022-02-26,2781.111816,11724648351,0.002596256284,67145,54303,973.61,65372875.07
2022-02-27,2621.801758,16150857254,-0.02561859991,52685,47374,1287.98,67857476.66
2022-02-28,2919.201172,19266124733,0.04666417438,53837,44332,831.49,44764686.6
2022-03-01,2972.485107,18757425786,0.00785566264,58299,46919,657,38302496.77
2022-03-02,2950.118408,16636517503,-0.003280239884,64024,51217,840.82,53832367.12
2022-03-03,2834.468994,13091199728,-0.01736773683,56550,46647,891.1,50391443.74
2022-03-04,2617.156006,14496939024,-0.03464209938,61588,49810,969.13,59686771.38
2022-03-05,2664.831055,8072368396,0.007840069565,64974,47619,756.4,49146175.31
2022-03-06,2555.037354,8872976607,-0.01827242703,45166,39673,718.54,32453731.8
2022-03-07,2497.77124,14594098731,-0.009844593075,47223,41660,840.21,39677196.92
2022-03-08,2576.747559,13922922903,0.01351921259,37397,35182,1134.25,42417693.44
2022-03-09,2729.783447,14173665398,0.02505632264,40880,36906,886.48,36239467.09
2022-03-10,2608.048584,13292477213,-0.01981251856,41219,36122,901.99,37179250.57
2022-03-11,2559.562988,12382419582,-0.008149855862,39696,35276,1445.19,57368379.67
2022-03-12,2574.75415,6532996574,0.002569945294,49362,36399,1200.84,59275721.77
2022-03-13,2518.94458,8632000379,-0.009517154246,46406,36454,1066.71,49501658.15
2022-03-14,2590.696045,11244398839,0.01219784954,37533,33922,905.33,33979812.32
2022-03-15,2620.149658,12861105614,0.004909636,41723,36442,959.26,40023173.18
2022-03-16,2772.055664,17915109769,0.02447584873,35989,32207,1670.14,60106609.33
2022-03-17,2814.854492,12685265194,0.006654002989,36960,32072,3091.28,114253562.5
2022-03-18,2945.343018,15830879093,0.01967993067,35712,32820,2638.68,94232404.28
2022-03-19,2946.25708,11576463120,0.0001347586663,37511,32717,2542.85,95384707.03
2022-03-20,2860.459229,12684727326,-0.01283487715,40625,34436,1610.24,65415877.89
2022-03-21,2897.976563,15206116098,0.005659106837,37741,32258,1516.98,57252300.12
2022-03-22,2973.131104,16830539230,0.01111919154,37348,31337,1245.96,46534152.82
2022-03-23,3031.067139,16008767658,0.008381495825,39605,33489,1467.33,58113755.59
2022-03-24,3108.062012,18070503166,0.01089411903,40075,33916,1818.71,72884838.07
2022-03-25,3106.671387,17030503831,-0.0001943577416,45914,34674,1393.48,63980073.88
2022-03-26,3143.178955,8876420740,0.005073790506,28885,27023,1844.44,53276567.91
2022-03-27,3291.577637,13431866834,0.02003499505,34387,30472,1549.46,53281266.45
2022-03-28,3336.634521,20620450770,0.005904535655,44276,32905,1163.17,51500724.26
2022-03-29,3401.987793,19533323636,0.008424112228,33213,29898,1388.3,46109467.89
2022-03-30,3385.157959,15302506131,-0.002153812305,31266,24439,1948.14,60910518.86
2022-03-31,3281.642822,17685495686,-0.01348762849,23481,23343,3451.24,81038523.19
2022-04-01,3449.552246,20982988937,0.02167141689,21343,20812,4142.17,88406243.57
2022-04-02,3445.059326,23571556215,-0.00056602192,26530,24506,4139.85,109830226.6
2022-04-03,3522.833496,15333808649,0.009695411953,45028,32547,2859.89,128775236.8
2022-04-04,3521.241211,18209969743,-0.0001963410752,38610,30428,2572.59,99327562.11
2022-04-05,3411.79248,16681503199,-0.01371316837,29590,27706,2539.72,75150229.51
2022-04-06,3171.691895,25632563639,-0.03169161524,59493,47876,948.62,56436373.01
2022-04-07,3233.274658,16745496605,0.008351605938,54353,46348,1259.14,68438043.81
2022-04-08,3192.073975,17557050669,-0.005569650938,43451,38577,1048.86,45574094.21
2022-04-09,3261.91626,9908112156,0.009399860237,38441,33400,1315.49,50568591.73
2022-04-10,3211.866943,10427054790,-0.006715262029,38155,30648,1207.68,46078843.22
2022-04-11,2981.052246,21891804831,-0.03238795804,38308,30780,1180.89,45237718.53
2022-04-12,3030.376465,20235707410,0.007126996892,30967,28175,1423.06,44068027.73
2022-04-13,3118.344238,16088473629,0.01242747137,37062,31592,1570.56,58207949.32
2022-04-14,3019.909424,15821419931,-0.01393013844,43575,34233,1291.97,56297506.04
2022-04-15,3040.916504,11256651536,0.003010578283,35700,30763,1312.2,46845631.9
2022-04-16,3062.310303,8766710365,0.003044699862,43957,36634,4781.62,210185589.3
2022-04-17,2993.40332,10463091281,-0.009883959522,33249,28074,3417.73,113636143.6
2022-04-18,3057.606689,18629381299,0.009216383799,38669,32460,2651.98,102549364.6
2022-04-19,3104.106445,14156035096,0.006554985725,37630,32843,2624.85,98772954.38
2022-04-20,3077.74585,15547362265,-0.003703851141,32189,29460,2984.58,96070627.45
2022-04-21,2987.480713,20783591093,-0.0129276442,33667,29379,3062.68,103111090.8
2022-04-22,2964.835693,16782795477,-0.003304479804,39121,32878,2184.5,85459763.95
2022-04-23,2938.114014,9116955609,-0.003931985731,45288,34067,1953.52,88470966.94
2022-04-24,2922.732666,9696829579,-0.002279551151,43899,33747,2303.12,101104669.4
2022-04-25,3009.393555,22332690614,0.01268989304,42661,36478,2533.64,108087417.2
2022-04-26,2808.29834,19052045399,-0.03003574329,60018,41476,1712.09,102755977.3
2022-04-27,2888.929688,17419284041,0.01229372868,60046,42942,1353.11,81248976.63
2022-04-28,2936.940918,18443524633,0.007158238045,61689,42359,1516.63,93559166.23
2022-04-29,2815.601807,18771041399,-0.01832397472,41209,31275,2163.3,89147280.46
2022-04-30,2730.186768,13520941867,-0.01337887776,52808,34564,1855.98,98010546.87
2022-05-01,2827.756104,15332730152,0.01524959103,120294,68540,6728.63,809413817.9
2022-05-02,2857.4104,18609741545,0.004530672553,109711,49923,2619.41,287378197
2022-05-03,2783.476318,13026093219,-0.01138509043,84575,43732,1716.44,145167991.1
2022-05-04,2940.644775,18186749944,0.02385503497,55475,37326,2893.93,160540965.5
2022-05-05,2749.213135,22642925048,-0.02923415544,64145,40772,3091.5,198304124.4
2022-05-06,2694.979736,21027599270,-0.008652906181,56402,38398,2209.34,124611195.4
2022-05-07,2636.093018,13369276367,-0.00959477316,52878,34520,1774.74,93844548.28
2022-05-08,2517.459961,20802269935,-0.01999815881,39607,26354,1431.82,56709921.54
2022-05-09,2245.43042,36333567678,-0.04966297007,41278,30210,2010.61,82993936.44
2022-05-10,2343.510986,38202099639,0.0185673918,43526,34946,2987.46,130031993
2022-05-11,2072.108643,45743399154,-0.05345447154,29983,23214,2586.15,77540658.44
2022-05-12,1961.701538,42463486402,-0.02377958965,28193,22577,2257.47,63644905.94
2022-05-13,2014.418213,24816096567,0.0115167068,30736,25481,2557.08,78594545.14
2022-05-14,2056.273926,15457044616,0.008931329227,29803,23344,2155.83,64250147.3
2022-05-15,2145.706787,14846088335,0.0184894063,26137,20186,1359.99,35546036.71
2022-05-16,2022.725952,21459552191,-0.02563332832,26357,20775,1272.39,33536374.64
2022-05-17,2090.40918,18509929297,0.01429425733,26262,21493,1291.55,33918700.48
2022-05-18,1916.656128,17740965589,-0.0376871019,35509,27882,1194.83,42427321.14
2022-05-19,2018.336182,18734247914,0.0224493037,35018,25048,1069.57,37454097.99
2022-05-20,1961.315674,15892482289,-0.01244600668,49864,31551,978.6,48796853.82
2022-05-21,1974.518311,8546822406,0.002913666544,42621,28361,752.26,32062045.6
2022-05-22,2043.170166,10941123403,0.01484337289,40330,28830,856.04,34523974.6
2022-05-23,1972.181885,16434529708,-0.0153575731,30242,23005,1111.73,33620876.8
2022-05-24,1978.982788,13057109007,0.001495051614,26595,20183,1085.61,28871681.86
2022-05-25,1944.827881,13364545730,-0.007560845077,48442,28886,719.77,34867306.16
2022-05-26,1803.91333,23458681818,-0.03266550412,37576,27821,1159.23,43559273.77
2022-05-27,1724.922852,25470760032,-0.01944599198,30338,23977,1196.4,36296338.56
2022-05-28,1757.941772,23214777872,0.0082348101,29802,23106,900.49,26836353.88
2022-05-29,1812.031006,10642556101,0.01316113878,26498,20736,1088.81,28851236.62
2022-05-30,1996.441284,19580808705,0.04209091728,22502,18363,1356.66,30527470.28
2022-05-31,1942.328003,18363115560,-0.01193397044,33575,24132,1297.04,43548125.6
2022-06-01,1823.569336,21037797760,-0.02740029077,26492,21053,1581.35,41893214.48
2022-06-02,1834.150513,17065041354,0.002512690852,28353,23499,1149.39,32588603.27
2022-06-03,1775.078613,14878001811,-0.01421738018,58399,35014,696.1,40651420.87
2022-06-04,1801.609497,8677951273,0.006443071077,30050,23315,1144.93,34405192.19
2022-06-05,1805.204956,8850385937,0.0008658546433,39859,28191,835.53,33303463.75
2022-06-06,1859.289673,16518471852,0.01282053995,31944,26310,1141.05,36449853.37
2022-06-07,1814.04834,24020076750,-0.01069820134,36703,27819,1130.47,41491741.15
2022-06-08,1793.572266,18041476023,-0.004929975966,33499,25960,1327.3,44463071.74
2022-06-09,1789.82605,12013083393,-0.0009080550841,24536,20988,1377.63,33801621.16
2022-06-10,1665.042236,18504740451,-0.03138557029,23381,19719,1459.37,34121517.79
2022-06-11,1529.663452,21127089064,-0.03682936415,21858,18123,1570.4,34325855.37
2022-06-12,1445.216553,23465074882,-0.0246629631,20831,17782,1553.78,32366787.83
2022-06-13,1204.582764,45162788786,-0.07909628249,22609,19885,1744.62,39444207.62
2022-06-14,1211.662842,33327826525,0.002545144914,26026,21811,1524.22,39669424.17
2022-06-15,1233.206421,37539999450,0.007653987716,25881,21477,1230.22,31839276.06
2022-06-16,1067.730713,18907671369,-0.06257404205,21597,18961,1371.96,29630161.63
2022-06-17,1086.519287,14591486540,0.007575704692,24266,20001,1091.38,26483448.35
2022-06-18,993.63678,21655406608,-0.03880978119,34838,27494,993.69,34618057.8
2022-06-19,1127.656494,21795481981,0.05494916651,29574,21786,1274.03,37678016.47
2022-06-20,1127.642456,19739691429,-0.00000540649029,25497,20309,1420.54,36219535.59
2022-06-21,1124.824585,15632089439,-0.001086618754,22640,17860,1493.99,33823995.4
2022-06-22,1051.421875,15010593493,-0.0293077917,27258,20195,1305.97,35598207.08
2022-06-23,1143.386719,14657862919,0.03641613502,30466,23062,978.06,29797464.7
2022-06-24,1226.844727,16981552654,0.03059645728,29126,22275,1192.85,34743088.12
2022-06-25,1243.446899,12481946184,0.00583764295,34793,22444,997.91,34720197.39
2022-06-26,1199.831665,12096607824,-0.01550692429,22624,18204,1590.92,35992914.77
2022-06-27,1193.680664,12492225250,-0.002232160362,22748,18112,1429.67,32522201.15
2022-06-28,1144.579224,14023205651,-0.01824230046,24607,19109,1577.92,38827872.88
2022-06-29,1098.943848,15386286815,-0.01767035635,43996,27672,775.33,34111386.23
2022-06-30,1067.298828,16350755497,-0.01268946961,68736,39135,525.08,36091728.56
2022-07-01,1059.767334,17499453625,-0.003075503727,45884,30947,721.63,33111314.16
2022-07-02,1066.512817,9935603640,0.002755550223,43431,28287,619.51,26905811.67
2022-07-03,1073.766968,8557248150,0.002943960725,56247,27318,638.55,35916486.48
2022-07-04,1151.059082,13670889311,0.03018757608,63811,29479,483.47,30850935.56
2022-07-05,1134.541016,16195518291,-0.006277414688,51615,28375,564.39,29130930.76
2022-07-06,1186.973999,15373536703,0.01962100457,49605,29551,634.17,31457853.78
2022-07-07,1237.593384,14230795894,0.0181367733,45547,29379,772.4,35180423.45
2022-07-08,1222.506226,16315929082,-0.005326899437,43114,27826,746.56,32186973.43
2022-07-09,1216.978271,8821353104,-0.00196825556,40788,27305,844.63,34450597.42
2022-07-10,1168.401611,10984558039,-0.01769067691,37663,25822,806.73,30383730.83
2022-07-11,1097.236572,12064180410,-0.02729187246,41240,25568,745.25,30734074.15
2022-07-12,1038.19165,12583282453,-0.02402274305,36842,24477,897.62,33069963.41
2022-07-13,1113.587158,18302588147,0.03044668237,42764,29964,845.99,36177732.61
2022-07-14,1191.526245,16688640823,0.02937939875,39555,30327,755.45,29881851.32
2022-07-15,1233.12915,17411448225,0.01490495146,33000,23648,1149.24,37924795.73
2022-07-16,1352.626465,18364013796,0.04016931624,39368,23583,959.6,37777358.37
2022-07-17,1338.635742,16079711737,-0.004515463798,35664,21543,1145.83,40864777.86
2022-07-18,1578.717896,27440420623,0.07164211544,34861,22593,1114.66,38858214.64
2022-07-19,1542.97522,27753529276,-0.009945580662,31435,22110,938.05,29487593.67
2022-07-20,1520.200684,22942708340,-0.006458027798,34856,24511,1047.66,36517386.99
2022-07-21,1576.749512,20009556587,0.01586178165,44866,29789,868.79,38979282.93
2022-07-22,1537.405151,18926100582,-0.01097437343,43007,27814,782.53,33654435.99
2022-07-23,1549.297485,14998811383,0.003346484062,35544,24258,927.64,32971891
2022-07-24,1599.476685,17217849557,0.01384309803,45541,23770,766.82,34921749.12
2022-07-25,1445.383423,20585056021,-0.04399484439,41221,29059,847.19,34921826.03
2022-07-26,1441.806763,18238563509,-0.001076011205,34410,25645,1021.12,35136697.49
2022-07-27,1636.232666,23007524016,0.05493800042,36812,23590,948.45,34914275.78
2022-07-28,1725.46814,27231399966,0.02306188591,30916,22148,1183.53,36589862.18
2022-07-29,1727.406982,23249531113,0.000487725991,27556,18987,1376.01,37917203.15
2022-07-30,1695.969482,15576977870,-0.007976637528,30730,18888,1090.39,33507634.32
2022-07-31,1681.517334,14200735370,-0.003716684492,34282,20071,910,31196674.55
2022-08-01,1635.195801,16191371176,-0.01213158538,30285,19501,1212.54,36721893.81
2022-08-02,1632.945435,20426082309,-0.0005980902415,27993,18101,1300.45,36403558.55
2022-08-03,1618.874512,16786218830,-0.003758487526,29308,19228,1281.24,37550501.89
2022-08-04,1608.205811,14467440626,-0.002871558431,33344,19785,988.43,32958148.88
2022-08-05,1732.254639,18546491876,0.03227010602,32584,20158,1338.65,43618687.88
2022-08-06,1691.658081,11757911705,-0.01029914536,42149,25343,874.49,36858768.62
2022-08-07,1699.35083,10252090340,0.001970460273,32972,20752,1091.85,36000345.06
2022-08-08,1775.516113,16841424404,0.01904156995,34609,21638,1037.23,35897557.01
2022-08-09,1703.025024,16368619692,-0.01810358846,31677,21326,1218.26,38590968.43
2022-08-10,1851.742676,23512477984,0.03635960614,39078,23742,1054.3,41199761.34
2022-08-11,1881.224121,23826986482,0.006859903012,34657,21043,1143.3,39623509.44
2022-08-12,1957.24646,17168141904,0.01720497762,38379,22468,1010.7,38789718.7
2022-08-13,1981.336548,16038975216,0.00531273442,43553,23502,790.56,34431248.22
2022-08-14,1936.802002,14062754456,-0.009873025317,38610,23190,849.83,32812059.43
2022-08-15,1904.228149,20349931313,-0.007366244579,36577,21615,892.21,32634256.85
2022-08-16,1878.139404,15637578930,-0.005991156342,37781,22528,667.54,25220217.28
2022-08-17,1832.999634,20308508124,-0.01056544618,38173,23847,747.18,28522145.91
2022-08-18,1847.007813,14999352229,0.003306354301,49637,23545,616.55,30603685.8
2022-08-19,1612.987305,25906358731,-0.05883778325,41796,23033,574.98,24031833.25
2022-08-20,1577.003784,18334580263,-0.009798213878,41604,22235,547.88,22794021.93
2022-08-21,1619.31897,15849221752,0.01149966817,43928,23179,565.57,24844499.59
2022-08-22,1622.505859,18557078599,0.0008538701663,45013,23042,541.01,24352294.05
2022-08-23,1662.769897,18322041914,0.01064587963,43922,24592,506.16,22231411.12
2022-08-24,1657.059204,16780932907,-0.001494128058,44958,23149,498.03,22390496
2022-08-25,1696.457031,14818795695,0.01020483869,37189,22164,634.13,23582626.47
2022-08-26,1507.782837,26713710143,-0.05120406856,39308,23032,469.13,18440704.97
2022-08-27,1491.39502,18120831899,-0.004746106877,34760,20692,463.37,16106730.88
2022-08-28,1430.547363,12823572918,-0.01809044745,37959,21152,394.42,14971732.16
2022-08-29,1553.037354,17965837488,0.03567966047,45169,27737,370.91,16753783.5
2022-08-30,1523.838867,21835784470,-0.008242855118,30469,20840,673.48,20520150.59
2022-08-31,1553.684937,20591680941,0.008423908783,43211,21575,411.55,17783366.55
2022-09-01,1586.176758,16434276817,0.008988626673,27117,19224,479.16,12993444.22
2022-09-02,1577.220459,17708478709,-0.002459180027,31790,20186,454.05,14434198.07
2022-09-03,1556.872681,9516825994,-0.005639303923,33660,19564,366.55,12338198.18
2022-09-04,1577.641602,8884144998,0.005755251992,29834,18353,393.26,11732565.01
2022-09-05,1617.183228,13060541168,0.01075087858,38709,21103,382.79,14817259.02
2022-09-06,1561.748535,22946059125,-0.01514812134,60074,24008,243.51,14628521.02
2022-09-07,1629.906372,19560363854,0.01855155037,50927,25232,321.23,16359305.66
2022-09-08,1635.347656,17621046717,0.001447435197,43273,21766,424.55,18371379.88
2022-09-09,1719.085449,20242323690,0.0216873715,47649,20189,300.37,14312147.84
2022-09-10,1776.203735,13130928217,0.01419531466,68925,19491,235.89,16258832.64
2022-09-11,1761.800049,12464301922,-0.003536161231,50309,18045,333.64,16785149.46
2022-09-12,1713.765259,17688391310,-0.01200528305,35114,19788,407.27,14300878.77
2022-09-13,1580.787964,23066821734,-0.03507771411,33260,19463,526.38,17507276.08
2022-09-14,1634.755005,17897150206,0.01457905511,30239,18222,405.84,12272070.67
2022-09-15,1471.693481,26946275878,-0.04563530955,27962,19659,470.77,13163695.67
2022-09-16,1432.447754,16764804299,-0.01173857533,35811,22038,463.96,16614852.03
2022-09-17,1469.741699,10798098671,0.0111622252,44017,23372,316.65,13938158.21
2022-09-18,1335.329102,15762284723,-0.04165270194,37472,22850,349.21,13085602.79
2022-09-19,1377.541382,18712714223,0.01351634007,44484,23002,329.89,14674628.6
2022-09-20,1324.388184,14722317220,-0.01708935675,33596,20216,483.16,16232366.79
2022-09-21,1252.607788,20643507800,-0.02420018982,31275,19739,588.3,18399186.54
2022-09-22,1327.680176,18461527259,0.02527836315,31675,20543,602.25,19076157.1
2022-09-23,1328.259521,18771106339,0.0001894669076,35576,19999,440.56,15673265.55
2022-09-24,1317.993286,12098209717,-0.003369739707,54480,20025,259.46,14135152.22
2022-09-25,1294.216797,11802651633,-0.007906165905,38734,20568,296.02,11466069.53
2022-09-26,1335.32019,16034549271,0.01357838355,40403,21542,316.29,12779102.86
2022-09-27,1330.127686,17870598937,-0.001692082376,28994,20517,485.94,14089323.39
2022-09-28,1337.410889,18994979566,0.002371521644,32109,20640,1363.48,43780139.82
2022-09-29,1335.652344,13796915736,-0.0005714241926,43446,24577,446.91,19416272.33
2022-09-30,1327.978638,14250100093,-0.002502341664,35835,21973,505.42,18111810.32
2022-10-01,1311.644409,6227961237,-0.005374976611,38967,20844,519.25,20233797.65
2022-10-02,1276.093506,7578351650,-0.01193361381,40998,21749,351.01,14390789.46
2022-10-03,1323.439209,10153070907,0.0158214986,26778,19513,567.46,15195362.99
2022-10-04,1362.126587,10139774963,0.01251347273,26848,18919,486.8,13069492.25
2022-10-05,1352.837158,9774451820,-0.002971946499,38437,21116,276.43,10625048.96
2022-10-06,1351.709473,12033514861,-0.0003621659879,33455,20516,407.92,13647087.47
2022-10-07,1332.516968,10061619355,-0.006210609459,46361,23824,297.31,13783610.27
2022-10-08,1315.500488,5804676208,-0.005581734423,36766,21427,307.1,11290786.32
2022-10-09,1322.604248,5486230123,0.002338899729,20867,16312,488.56,10194696.02
2022-10-10,1291.337646,8794491050,-0.01039010118,24521,16813,420.91,10321254.16
2022-10-11,1279.575684,9274845260,-0.003973833558,25834,17725,461.81,11930300.04
2022-10-12,1294.906372,8355638578,0.005172389442,22302,16744,513.73,11457152.16
2022-10-13,1288.123901,17499038202,-0.002280729366,31835,20035,409.22,13027523.76
2022-10-14,1297.422119,13113767755,0.0031236591,26078,18784,453.72,11832068.46
2022-10-15,1274.871704,6798512624,-0.007614815706,27476,18101,494.99,13600270.68
2022-10-16,1306.296631,7491625206,0.0105753248,25296,16736,392.83,9937084.03
2022-10-17,1331.713623,9401189650,0.008369035675,28861,18578,442.27,12764322.8
2022-10-18,1310.447021,10416747806,-0.006991374562,21004,15475,505.11,10609393.9
2022-10-19,1285.744263,8350692785,-0.008264872726,21391,16181,517.07,11060636.36
2022-10-20,1283.200928,9009111996,-0.0008599301541,18395,15571,564.61,10386071.62
2022-10-21,1299.946411,10412565245,0.005630784299,17799,14595,647.34,11521941.71
2022-10-22,1314.299194,7175324564,0.004768792248,18192,13792,536.75,9764521.47
2022-10-23,1363.447021,9909510925,0.01594402581,21584,15279,469.23,10127782.38
2022-10-24,1344.998535,13092820173,-0.005916456075,21906,16280,466.23,10213315.41
2022-10-25,1461.665405,25367291294,0.03612615682,33627,20567,387.06,13015770.5
2022-10-26,1566.56665,32705548427,0.03010090867,20234,16109,781.56,15814069.71
2022-10-27,1514.374878,22813499245,-0.01471548029,36350,20713,497.57,18086712.27
2022-10-28,1555.477905,19974623205,0.01163045,29337,20436,432.55,12689828.98
2022-10-29,1619.698486,21618154775,0.01757032975,20527,14978,524.14,10759033.45
2022-10-30,1590.783325,13930073427,-0.007823146287,27805,16883,418.95,11648809.95
2022-10-31,1572.714478,19306919714,-0.004961145144,19306,14800,1586.2,30623256.14
2022-11-01,1579.70459,14507311208,0.001925995231,23399,16130,1494.58,34971629.08
2022-11-02,1519.711792,23254218281,-0.01681464671,30260,18863,1220.98,36946991.98
2022-11-03,1531.541748,14248351007,0.003367606322,29359,19111,778.06,22843205.57
2022-11-04,1645.093384,20806964347,0.03106171613,40714,19024,522.31,21265463.66
2022-11-05,1627.968018,11006973190,-0.004544687014,21819,15495,682.06,14881878.29
2022-11-06,1572.234741,11632744705,-0.0151284803,24458,18218,580.24,14191508.03
2022-11-07,1568.591309,15279963349,-0.001007584054,21933,16619,735.77,16137748.79
2022-11-08,1332.835571,42048003440,-0.07073322965,20058,14956,732.3,14688455.37
2022-11-09,1100.1698,38864492427,-0.0833168555,18296,14495,785.22,14366396.95
2022-11-10,1299.4646,28581002122,0.07230473369,20752,16155,855.76,17758833.39
2022-11-11,1287.221069,20920539099,-0.004111313351,20918,15879,701.12,14665943.87
2022-11-12,1255.268311,10964962767,-0.01091657432,17019,13181,577.57,9829636.08
2022-11-13,1221.819214,10717455214,-0.01172961484,14574,11967,458.05,6675570.43
2022-11-14,1241.604248,15028035663,0.006976239355,16801,13410,737.22,12385993.75
2022-11-15,1251.736206,11798011594,0.003529624415,16191,13121,984.05,15932821.69
2022-11-16,1215.602539,11939561598,-0.01272121571,15826,13524,634.49,10041419.96
2022-11-17,1200.808594,9723646871,-0.005317811085,14392,11937,643.54,9261782.36
2022-11-18,1212.300293,7979913378,0.004136422702,14096,12317,584.24,8235413.95
2022-11-19,1218.426758,5978745776,0.002189217894,14350,11184,478.89,6872007.98
2022-11-20,1142.466675,9651002684,-0.02795588718,14747,10433,401.54,5921439.07
2022-11-21,1108.353027,14080099208,-0.01316542913,13059,10793,583.05,7614040.26
2022-11-22,1135.173462,12040670755,0.01038411796,12782,10172,664.21,8489889.68
2022-11-23,1183.199585,11242676044,0.017995779,16434,12122,614.2,10094409.44
2022-11-24,1203.983154,9706372376,0.007562401701,14035,10934,888.08,12471254.27
2022-11-25,1198.925903,5483308196,-0.001828067058,9241,7571,767.93,9153013.62